,0,1,2,3,4,5,6,7,8,9,10,11,12,13,14,15,16,17,18,19,20,21,22,23,24,25,26,27,28,29,30,31,32,33,34,35,36,37,38,39,40,41,42,43,44,45,46,47,48,49,50,51,52,53,54,55,56,57,58,59,60,61,62,63,64,65,66
0,0.0,92.85266821913449,86.53801093691752,80.81833369653258,74.68392128766966,68.73686565416213,64.18583808944531,59.746552463370456,56.63378190385126,52.375395840418484,48.353222614667196,45.95098905689147,43.735635943510715,38.17027469535349,33.437992372155776,29.254521740614223,25.844837987384032,21.92343086656742,18.787013532334495,15.128972928447087,11.517421735720815,9.361806998551105,7.4202382486970775,6.1609417083705305,4.986532380651362,3.8814329511541246,3.2934458582889956,1.6172604331611533,2.110232071018817,2.800834139540994,3.4998375532349155,4.537193676619085,5.422300076245549,6.808937749927589,8.103261575254509,10.264481262239634,12.972499570040638,17.68316553757256,20.263610092439556,23.09962682517127,26.665137765261605,30.536456976058464,35.19705974248174,36.939204514056485,30.612565646259668,26.7780992767786,22.720400265052863,19.648877955623817,16.591595273098974,12.727998856259218,10.000110169351462,6.784868506947709,5.421441384577019,4.178944753188174,2.892384148374061,2.42167733146275,15.25004834122634,23.215196473187756,7.863377385524467,10.430612882890278,12.86361595012845,14.390189680870774,12.592732095052853,10.494051651284268,7.531286414857264,6.5694156583067596,5.6546500492062535
1,77.52884534364512,0.0,95.19521650890691,88.90334652755944,82.15525154485503,75.61325638581506,70.60694702336588,65.72355818944489,62.29938811495603,57.61499591668264,53.190447132671025,50.54789571322461,48.110920134646854,41.98880381567108,36.783107088177914,32.181124812221086,28.430338543834836,24.116636439474863,20.666453982516863,16.642465407839804,12.669617014372617,10.298355999785096,8.162553991994397,6.777278255847773,5.485381793103762,4.269728945113698,3.6229200110541773,1.7790501008659827,2.321338296429198,3.0810277406711126,3.8499589951179467,4.991091541304869,5.964743401725844,7.490099394271041,8.913906521920993,11.291333201808921,14.270259876112986,19.452177761968137,22.290768289185802,25.41049826647959,29.332700570784898,33.59130400362252,38.71815039872962,40.634578184905706,33.675026535023086,29.456962677454673,24.99333413125679,21.61453875460804,18.251407527752836,14.001299472089245,11.00051459905029,7.463622280088864,5.963798807108808,4.597003631716233,3.1817363520420057,2.6639403354366036,16.77565312510578,25.537629425905095,8.650024475971712,11.474084520282627,14.150483610636183,15.829774771150136,13.852500713253828,11.543869661250643,8.284711343499065,7.2266156704871385,6.220337512826414
2,65.13373249624371,85.81145296761298,0.0,95.58433687676106,88.32912985366832,81.29551083310675,75.91298273602001,70.662612512251,66.98111975964908,61.94470055349654,57.18765171318625,54.346515412290884,51.726403754390496,45.14421701465629,39.5473178076651,34.59950154037103,30.5668477401114,25.928975587556163,22.219515650073,17.893128685652776,13.621725031756013,11.07226631626433,8.77596109729888,7.286583387653316,5.897602302823852,4.590594457945304,3.895178531966876,1.9127437920359447,2.4957843590514606,3.3125636434806314,4.1392792501572915,5.366166673140348,6.412987417940023,8.052972263766145,9.583776957317683,12.139864681189387,15.342654473580192,20.9139878846993,23.96589542031324,27.320069731645148,31.537021297549483,36.115654173002575,41.62777753039964,43.68822279223301,36.20566836209823,31.670621567155298,26.8715561627923,23.23884796750382,19.622981065926265,15.053481986054702,11.827191374932102,8.02450542308621,6.411971838059029,4.942463483322835,3.420840398087191,2.8641325707917,18.03632531583869,27.456754660218607,9.300064460984089,12.336349563614473,15.213877151281924,17.019365226480243,14.89350116140758,12.4113789824588,8.907298441665054,7.769688023077907,6.687789150083818
3,55.3686686457623,72.94631711224572,87.00452956052047,0.0,95.77240442845924,88.14607994695582,82.30997968630861,76.6171739120076,72.6254509845119,67.16462534429567,62.00671191103877,58.92616016897461,56.0852582630703,48.948407130201524,42.879871243056456,37.515114889472635,33.142639452227186,28.113945427754558,24.091898590744417,19.400937831175007,14.769593688015084,12.005298471043806,9.515489361792092,7.900605522324688,6.3945784798286605,4.9774323569329555,4.223415472365721,2.073925921407496,2.7060978569276926,3.5917050862384587,4.488085946789503,5.818360100477925,6.9533938079439315,8.731576069800337,10.391377841364067,13.16286067665087,16.63554154426902,22.676357269946937,25.98544141085611,29.62226359172227,34.19456710579614,39.15902990763502,45.13564609664035,47.36971992082411,39.256629367028,34.339425535553524,29.135954907611048,25.197127489905004,21.27656053955613,16.32200121537916,12.823839173886533,8.700710399744308,6.952292647689628,5.358952503912023,3.7091060518039507,3.105485850036296,19.556201282786926,29.770466616933764,10.083757603450664,13.375902848071197,16.49591247951092,18.453544513417718,16.148539207270552,13.457254808149319,9.657894175266835,8.424420175563068,7.251352393884009
4,46.11282338427812,60.75205923861385,72.46019460797619,86.31391252581196,0.0,97.78188102126009,91.30780002233011,84.99267792915451,80.56459472226538,74.50681196719789,68.78505465306445,65.36774847105816,62.216289752492656,54.29926464189701,47.56733901971215,41.61612748778855,36.76566932526557,31.18725720428177,26.725535191060885,21.52177607728469,16.384150646324017,13.317672974529847,10.555687209161633,8.764270284563489,7.0936099764390095,5.5215467189224325,4.685103517600911,2.300639776788832,3.001918393163086,3.9843369054797386,4.978706782267029,6.454401550541418,7.713512914374602,9.686079436534083,11.527324554224945,14.60177556799165,18.454076970692558,25.155252166629268,28.82607305793193,32.86045909074173,37.9325897909987,43.43974917138188,50.06970677647033,52.54800122814087,43.54801784007191,38.09328360463158,32.320988953011465,27.951583595981607,23.60243487257162,18.10626158113327,14.225693497559263,9.651839646416635,7.712291379383643,5.944773227027739,4.1145717072271815,3.4449659937706967,21.694012350997635,33.024863118543564,11.186076417932558,14.838106715909625,18.299184176758885,20.47081725151472,17.913837352525583,14.928351769189282,10.713659186320703,9.345346404238594,8.044043222894153
5,38.09135535946321,50.18405093074799,59.85551999770464,71.29934090323529,87.76078258346186,0.0,102.8356933087694,95.72326744129236,90.73612497922454,83.91352834039496,77.46938139786062,73.62062969878326,70.0712895309291,61.154715415772095,53.57286327946892,46.870292811635515,41.407449244204855,35.12474527057808,30.099716998422167,24.23896713755451,18.452700542319516,14.999070542279057,11.888375497374566,9.870786623247046,7.9892002634025685,6.2186591379738205,5.2766123851195275,2.591102692671956,3.380919912009453,4.487371812161967,5.607283973661519,7.269289788832925,8.687367872206636,10.908977043102546,12.982685074429783,16.44529507562603,20.78396149277998,28.331180866033417,32.46545429368259,37.00919409091512,42.72169704231753,48.924152395585196,56.39116273599733,59.182349557917114,49.04609031989873,42.90267894891614,36.40161417310633,31.480557821651935,26.582315566713827,20.392233330234816,16.02173147597239,10.870414373159635,8.685992114629899,6.69531930695188,4.634049162041749,3.879903647967696,24.432948775660556,37.19435463774269,12.598353301269423,16.711463764836143,20.609513002631207,23.055321496540337,20.17551494523992,16.81310253632588,12.066291927192578,10.525225407418224,9.059628658556282
6,32.547645535556974,42.880403855898436,51.14431423737048,60.922633304535786,74.9883225864256,94.09954870460336,0.0,106.43265104165286,100.88755414359919,93.30165505481334,86.13654607839298,81.85720148973171,77.91076617038756,67.99661837066294,59.566519354585374,52.11407479482863,46.040056025420476,39.054452028637435,33.46723070971596,26.950788454266338,20.517162546726958,16.677145313229076,13.218430111991589,10.975116251887153,8.883020674760273,6.914393915615982,5.866952306156129,2.880991592471262,3.759172443788232,4.989412615599446,6.234618963735108,8.08256763581554,9.659298286909289,12.12945794565597,14.435169494793044,18.285171399258772,23.10924167084969,31.500833259393566,36.0976433432703,41.14973031428304,47.50134000598012,54.397717280404436,62.70012616310281,65.80358701384786,54.53329744700462,47.70256991198681,40.47417521570976,35.002558048735374,29.556307387086747,22.6736875162349,17.814220103916398,12.08658093881137,9.65776861152318,7.4443821492647295,5.152500019662869,4.31398177347681,27.166472483331592,41.355606360869785,14.007839227132845,18.58111866447607,22.91527613067279,25.634718215185764,22.4327229852381,18.694128637781702,13.416251580016715,11.70277272043105,10.073207082849036
7,27.61399617857638,36.38049046954904,43.39173770231026,51.68783595797729,63.621414675824205,79.83571578152902,97.00875444450134,0.0,113.63114409762312,105.08703377811901,97.01686558456834,92.19697649393363,87.75204803619685,76.58559676479278,67.09065158364909,58.696853073637406,51.85559591464348,43.98760683407217,37.69463684203517,30.35507156841498,23.10878357208545,18.783715378085247,14.888113301489655,12.361435728050873,10.005077542856561,7.787784113140146,6.608035139456357,3.2449034330059887,4.234011511865121,5.619649209442646,7.022143532725392,9.103515448465357,10.879410496555787,13.661587847467292,16.258544860763767,20.59485893732249,26.02828061972319,35.47985431581054,40.65730948819907,46.34754975093514,53.50146167055402,61.26895337430052,70.6200792700128,74.11555311835683,61.42165932082191,53.728109889358585,45.58666205370141,39.423898727488485,33.28970607132889,25.53770953466243,20.064419529228186,13.613294840618304,10.877687600548468,8.384717697852349,5.803336964279686,4.858901464086727,30.59799967975947,46.579430986579425,15.777236461189963,20.928188718430448,25.80981436357387,28.87276219686753,25.266307620159274,21.055473522489468,15.110922546193617,13.181005968726842,11.345602094062036
8,24.442493102717904,32.202144217914146,38.40814066333884,45.751421334570736,56.31441314551377,70.66648085706993,85.86717388092362,106.1086787185241,0.0,115.5214183135145,106.64994062278436,101.35147130791546,96.46519351246424,84.18999416555927,73.75226940828121,64.52502724478306,57.00448259107127,48.35525894106379,41.437442415578516,33.36911124540359,25.403319113410976,20.648802841417695,16.366395574850632,13.588837141515421,10.998509583283537,8.561054907772357,7.26416536970033,3.567098940700102,4.654418318049908,6.177639845367943,7.7193917397487555,10.007428875251787,11.95965749333721,15.018084989308218,17.872901104002896,22.639779893584116,28.612701161602864,39.00274795816647,44.69428708783501,50.949527168964856,58.81377094607304,67.35251855455384,77.63214380862438,81.47469299971762,67.52038710020435,59.062923698350914,50.11308881114298,43.33840753430911,36.59513378900476,28.07341990593933,22.056671677951964,14.964996835182585,11.957763526182408,9.217259692184903,6.3795664694498795,5.341355335635947,33.636160366135194,51.20443253891257,17.34380225168995,23.006206917883116,28.37254278186117,31.739619244115126,27.77506973875691,23.146130184969543,16.611328170587516,14.489784796107509,12.472138554164133
9,20.419272500817332,26.901689411670212,32.08618233658136,38.2207631441012,47.045092450654785,59.03481789809125,71.73348540925556,88.64324994794812,104.35314002684594,0.0,123.51648166329775,117.3800667328075,111.72103084212372,97.50452564585738,85.41608911171218,74.72957132431227,66.01966290435621,56.00257646127499,47.99071679186965,38.646390173262795,29.42081900032669,23.91438253633819,18.95471846595144,15.73789299660379,12.737908707067959,9.914973935845245,8.412983105722134,4.131230719185467,5.390508156662858,7.15462506802215,8.940202898442047,11.590089951749313,13.851060833685262,17.393174420609512,20.699475767086206,26.22022986377142,33.13776039374105,45.17097876343215,51.762626957894064,59.00712463195406,68.11508771771473,78.00422648564694,89.90956029816965,94.35980334500539,78.19864321030337,68.40364363418671,58.03840470128105,50.192316922719556,42.382603733488374,32.51319255115667,25.544903887936236,17.33169044811682,13.848867338236682,10.674956602014158,7.388486109248273,6.18608331630228,38.955672744180596,59.30234293464757,20.086700660900895,26.644606816664865,32.859621297418705,36.75919625902034,32.16765871645561,26.806658755488524,19.23838681394502,16.78132428037369,14.444590067576767
10,16.852801372709017,22.202986332007672,26.481945314422227,31.545047922501254,38.82810215691486,48.7236780874909,59.2043708376934,73.16064195452469,86.12661109354073,110.42277167218334,0.0,137.93577085576834,131.28571944918014,114.57960692339854,100.37423238076923,87.81628187181038,77.58108636178777,65.80979862346608,56.394894796539006,45.414181195484616,34.57301960183538,28.10229097243789,22.274086015869695,18.49392714244728,14.968582873609323,11.651293195877994,9.886272364505265,4.854695602883034,6.334498851377625,8.407549521913918,10.505819367189954,13.619757053140313,16.276671213806022,20.43908295602501,24.324386803618253,30.81194038258189,38.940875155141384,53.08136167809905,60.827345303945876,69.34050600446704,80.04346387567043,91.66439762551587,105.65460433125615,110.88417799096544,91.89286078394788,80.38255196687211,68.20214295782732,58.982041146150536,49.80468387499491,38.20693242349594,30.018350707191843,20.366831854308078,16.27409359143801,12.544364718265639,8.682364521534648,7.2693958570878205,45.7776256117236,69.68742320502932,23.604301963103566,31.31063461372445,38.614028087115095,43.19650016529833,37.80088838916487,31.50106523557094,22.607430623152492,19.72008506233878,16.97413982735364
11,14.863274403563109,19.58185295921183,23.35566718218189,27.821054374078635,34.24432082029801,42.97169244147101,52.215105974959634,64.52379476042779,75.95908987601652,97.3870111839948,128.0117574966468,0.0,146.70432225403317,128.03619196631277,112.16249410043157,98.12969886538207,86.69245019328541,73.53870584886596,63.018086463823884,50.747763739714465,38.633382444356464,31.40271133977384,24.890023884517838,20.66591140781642,16.72653975458637,13.019657270080822,11.047346908244254,5.4248461383210875,7.078442078157875,9.39495826053688,11.739655435894583,15.219303638877353,18.18825405376606,22.83951236385852,27.181118367189246,34.43059039569122,43.514212525036456,59.315401720604726,67.9710977307148,77.48407047481493,89.44401697315564,102.4297492895332,118.0630093392215,123.90676037813157,102.68504387114044,89.82292862335547,76.21201453501442,65.90907531915538,55.653900695466184,42.69407327858172,33.54379908309181,22.75877586826736,18.185373707418325,14.017613886885385,9.70204838758004,8.123136293000718,51.15389219744054,77.87173070930419,26.376464525656978,34.98785282681255,43.14897952180736,48.26963135887281,42.240342171255215,35.20064821256827,25.262517518201967,22.036073123567448,18.967635548366253
12,13.156851509520864,17.33369947094967,20.674249608692683,24.62697460192955,30.312798636688466,38.038198126093924,46.22039378494896,57.11594655685277,67.23837824440089,86.20620263841087,113.3149828985477,136.43940117566,0.0,143.59960780457948,125.79638550514814,110.0578364182988,97.23033508095308,82.47768975456512,70.67823840919247,56.916398856190696,43.329456163719414,35.21986215880587,27.91552617406626,23.17795247977558,18.75973122754441,14.602259322313783,12.390205136079022,6.084262315986856,7.938860807093836,10.536960689274881,13.166667099868995,17.069283302151117,20.399123940346875,25.6157651014867,30.485114226492975,38.61579449818563,48.8035746499272,66.52547450092062,76.2333120524662,86.90263245421521,100.3163680562343,114.88057868331772,132.41413679189458,138.96822391685276,115.16690555098248,100.74133824259843,85.47595198789125,73.92064088475374,62.418900390029364,47.883743527747065,37.621209430181665,25.525214695977475,20.395893474026963,15.721522372692732,10.881379100403965,9.110542635670994,57.37189418412957,87.33741465742797,29.58265083479133,39.24079486194453,48.39394581595824,54.13703754817615,47.374859218863804,39.47945655179846,28.333298203093936,24.71466395165741,21.27324300961894
13,11.957234518335136,15.753245333391687,18.789210388431258,22.381533346276907,27.54893463254974,34.569946717074785,42.00610515490733,51.90822190421272,61.10770929648532,78.34608311393329,102.98313574327277,123.99911302624338,149.53477038757268,0.0,141.9855259379859,124.22153247645949,109.74321883859497,93.09200825545746,79.77404766124113,63.70803429734995,48.49980910314587,39.42252551905943,31.24658858722833,25.943696741159528,20.998264550665134,16.344696017667665,13.868685117534753,6.810276125872714,8.886177389018172,11.79429947207803,14.73779958039292,19.106101367942504,22.833280280278263,28.672405043785957,34.122796623293425,43.223682624858185,54.62713506324832,60.459806776370684,69.28250194669553,78.97901376813331,91.16971017024876,104.40598344706162,120.34086468315343,126.29736246303752,104.66620356910906,91.55593237378882,77.68241534515813,67.18069578918748,56.727662374245504,43.51779379456835,34.190978266689115,23.197873596870313,18.536234242929673,14.288063512726051,9.88923540653224,8.279860482211703,52.140832707910356,79.37415334726826,26.885360334852976,35.662892942936224,43.98147679711022,49.200924219827385,43.0553086004765,35.87979390849478,25.749921327846277,22.461227345916384,23.614098559554236
14,10.855120298345273,14.301247744292192,17.057383859502846,20.31859762913555,25.009712661319917,31.383588717425482,38.134346534916766,47.12377200425478,55.47533039955954,71.12482035890656,93.49104305681017,112.56994974247591,135.75195157822733,147.14078174185974,0.0,140.05477300696222,123.73105770857794,104.95748864997381,89.94202465791503,71.82824188653431,54.681580716365126,44.4473091972147,35.22926971340911,29.250472809399078,23.67469726507247,18.427986235446326,15.636383703521394,7.678311947283278,10.018806983840651,13.297597464844147,16.616275243949264,21.541359511421998,25.74360356780123,32.32698148150856,38.47207839223647,48.73296068615712,61.58989386766554,63.24055898874746,62.89664153099131,71.69941295231236,82.76647664188475,94.78274499400717,109.2488870181,114.65636646983454,95.01898028106652,83.11710023088358,70.52232373168545,60.98856164441153,51.49899823174904,39.50670082068409,31.039550293498447,21.059694712326866,16.827724862029765,12.971113682115368,8.977731417072647,7.516694721518051,47.334942760583175,72.05813199052898,24.407300889823496,32.37579663499672,39.927645543744575,44.6660095507066,39.086843502474565,32.572705549876254,23.376516807300753,23.299323326102435,26.62394471867543
15,9.79642093043638,12.90644773000781,15.393778020607826,18.336925765946695,22.570516571511607,28.322748798137248,34.415105525833745,42.52779275545801,50.06482405652953,64.18802000229635,84.37286606115988,101.59100788256276,122.51207017864702,132.7901482765195,144.4700764371668,0.0,139.60595908438515,118.42370975749148,101.48173665445957,81.04392529750143,61.69731885860327,50.14997320892688,39.74924386217377,33.003357328810644,26.712200468757295,20.79232765028708,17.642557850616495,8.66345219544066,11.304236654589289,15.003701430970263,18.748171112424274,24.30515191793371,29.046550905884075,36.47458720233897,43.4081103110579,54.9854809423563,69.49198012638377,71.35442833965728,64.32015217165788,64.70657260731653,74.69426610008476,85.53858836967919,98.59384824819855,103.47393648544752,85.75178364039476,75.01069338707636,63.64428484255557,55.04035011952831,46.47630337647367,35.653614163192145,28.012264425380287,19.005743685759853,15.186517654267043,11.70604157983537,8.102133697721762,6.783591841797007,42.71836803793617,65.03030579474762,22.026857991520714,29.21818672456184,36.033504167375256,40.30973575744847,35.27470550931646,29.395891122311287,23.393203203403022,26.28866542641876,30.039841296876375
16,8.862400349317216,11.675907730290891,13.926088382266911,16.588627465836236,20.41857484156964,25.62237174419314,31.133864642987707,38.47306358597561,45.29149138830727,58.06813885701335,76.32850027198758,91.90501205890986,110.8313966148096,120.12953147158096,130.6958597404408,142.95754203668082,0.0,132.1674254703607,113.2592442286041,90.449513687063,68.85762833020593,55.97015040319772,44.362359838374395,36.833576476870384,29.81229664088003,23.20539037919133,19.690072660305052,9.668892949745672,12.616154810588815,16.744962598436604,20.92399835540664,27.125897011988215,32.41756114452085,40.70766145984838,48.445857641974506,61.36684511305039,77.55690243913,79.63549789880872,71.78485571680108,65.23503397297573,67.5726874822943,77.38307906842647,89.1936107441681,93.60841651921632,77.57594765329834,67.85894562888487,57.576245061938536,49.79263565638978,42.04511118942759,32.25429009819204,25.34148989631032,17.193678250022746,13.738588849927364,10.589951955201828,7.329651616930431,6.136823553751606,38.64546884111918,58.83011855901381,19.92675032489833,26.43243589397683,32.59796023340585,36.46648289150055,31.91150774836118,26.593197413706655,26.10811168836217,29.339608052952862,33.52612828864037
17,7.688206163368142,10.128947264479656,12.080997733351404,14.390772578276266,17.713283845977884,22.227621028087732,27.008887051252287,33.37570330008174,39.29074624422108,50.37459440547641,66.21561011706639,79.72836390878814,96.14716024584988,104.2133697258995,113.37974756021592,124.01685914257378,135.16472989811533,0.0,130.00192104629082,103.82031609964848,79.03658568964296,64.24400165499154,50.92027622482546,42.278541885142445,34.219333357845876,26.63575365058012,22.600780084794447,11.098208066096385,14.481152269420928,19.220305772579653,24.017112251622326,31.13581364311891,37.20972405499202,46.725317894588336,55.60742174369213,70.43846890894143,89.02183990505797,91.40770610676874,82.39653379973792,74.87847719422673,67.76688880373312,67.13046601196663,77.37620067109735,81.20608147448648,67.29778111673355,58.86820087786382,49.94787243874558,43.195526409873075,36.47448436596077,27.98086547140572,21.983953684145497,14.915659176125779,11.918340326402657,9.18687157910078,6.358533863905992,5.323745577922447,33.52526629576541,51.03561814739445,17.28662197883946,22.930358429199433,28.27900217789291,31.6349778245341,27.683498926137155,23.30167593686617,29.967573044435035,33.67676904086036,38.4821664002142
18,6.637113174192144,8.744168392633712,10.429344311220254,12.423338323206055,15.291612513268035,19.18877215590183,23.316367467128558,28.81274452893382,33.919112466556946,43.48763249432697,57.16294398284177,68.82830184459826,83.00240268912475,89.96584046228365,97.87903708981942,107.06189612330947,116.68568589735756,130.96484808586365,0.0,117.40755917795595,89.38031553163187,72.65178636999602,57.5843492759728,47.81164799742272,38.69770924589871,30.121646133097553,25.55860476023398,12.550660306589945,16.376339486436848,21.735718712767376,27.160296114485693,35.21064104013713,42.07946038989838,52.84038550366404,62.884914093689524,79.65694015893247,100.67236673361471,103.3704776409171,93.1799890578828,84.67802423081014,76.63572320367071,69.72978781834648,66.7977145683215,70.10399327568429,58.09716599068045,50.82003568648976,43.11924981481442,37.2900506710053,31.487875788326672,24.15546187229272,18.978417789195966,12.876465057780736,10.288924609198833,7.930888570312329,5.489227003011176,4.595909781872524,28.941860021927944,44.05828438538082,14.923281716833035,19.795434823864507,24.41283882346821,27.310002310409907,23.898749789756494,26.351228731352613,33.88950966260964,38.084138082301166,43.51843067586649
19,5.229180935358549,6.889266079132449,8.216965269265767,9.787972904518934,12.047799476465059,15.118253809615686,18.370261443637883,22.7006908623938,26.723843875992227,34.2625917013827,45.03695643557086,54.22773943623241,65.39508523353669,70.29314373489437,76.4759734076194,83.65083029353933,91.17020024979703,102.32695924824512,114.86793344592861,0.0,105.58095710769027,85.82029605627166,68.0218085471972,56.477754933382116,45.711867940443206,35.58134931025268,30.191233235998897,14.825531993499228,19.34463518744859,25.675429444029568,32.08323938038492,41.592750699983156,49.70657886040131,62.41797695871609,74.28312798131606,94.09516997368054,118.9197506275281,122.10690800419755,110.06934098966872,100.02635134033625,90.52634191719834,82.36867024900697,74.93190375053767,55.23281817088083,45.77300172884355,40.03957063431869,33.97235411855624,29.379704237318485,24.808345954910962,19.031358572960908,14.95252195976191,10.144977767861139,8.106332828701944,6.248507479666137,4.3247961034648466,3.620978455730627,22.802417058211827,34.71219108459473,11.757602770747779,15.596224995919933,19.234138096371918,25.376678195305534,27.579434414034314,31.127524375713953,40.032157470090276,44.98708384988603,51.406369906543596
20,4.476591323401056,5.897755142857932,7.034370369622862,8.379276815949323,10.313866601504627,12.94241768753409,15.726392718816797,19.433581856511886,22.87771815548939,29.331480899910016,38.55518692203062,46.42322207794217,55.98335088580177,60.176475288980434,65.46946514898605,71.61170854794221,78.04888230798878,87.5999479810118,98.33601104219501,118.72810880673299,0.0,103.22001354116465,81.81295476692891,67.92839103206819,54.979764049178684,42.79532379157754,36.31238351124899,12.691824725004036,16.560533495587162,21.980192709827833,27.465783420435866,35.60667515651014,42.55275202619577,53.43471138821409,63.59221650712467,80.55288709363498,101.80468612981883,104.53314422585407,94.22803741883486,85.630446155314,77.49768879205568,70.51407842163421,64.14761973666147,47.283648748673436,39.18529974739012,34.27703051587079,29.08301463701586,25.15134410124426,21.237900853409894,16.292344004426663,12.800538152242058,8.684901137120399,6.939660274555032,5.349215242972285,3.70236657548778,3.0998431566098454,19.52066750361243,29.71637343332459,10.065435332640055,13.35159872217324,16.465939270355804,21.724438077424487,23.610171139298906,26.647615996045364,34.27068426259058,38.51249205506921,44.00790722981535
21,3.9909673512220385,5.257962257489532,6.271276615047267,7.470286605009689,9.195010644883174,11.538414544748834,14.02038188413628,17.325412373742257,20.395926193157642,26.14957993208043,34.37269143192273,41.38719625423325,49.91023514460434,53.648486278948326,58.36728864341855,63.843216888275435,69.58208122824624,78.09704015942083,87.66844707652359,105.84839483627754,113.21141649680094,0.0,94.9111024255986,78.80363809396185,63.78195277108094,49.64679947436572,42.12594888636048,11.315006094065515,14.76403444607806,19.595764978574202,24.48627470944029,31.74403642618814,37.936597686154265,47.6380739643473,56.69368533711927,71.81444970346935,90.76083769845476,93.19331062121894,84.00610950176909,76.34119136360971,69.09068159683582,62.86465849834297,57.18883800925563,42.154283196715255,34.9344491470955,30.558632629826512,25.928067475067184,22.422907497205976,18.933997497465086,14.52493835134023,11.411926207473751,7.7427565714229845,6.186840741870515,4.768928375874671,3.300731082550887,2.763569854426628,17.403050904765067,26.49271903583487,8.973529385721033,11.903207314963868,14.679701873091318,19.367754799822826,21.048922129911613,23.756862698675107,30.552974822844803,34.33462813603575,39.233896565828296
22,3.5262809647741555,4.645753921391762,5.541083503402518,6.600487335128656,8.124393951260698,10.194944731973926,12.387925383993846,15.308136219576642,18.021136221985845,23.104866022795314,30.370523443979287,36.568297731623154,44.098960640189084,47.40195028066965,51.571321134898135,56.40966227752746,61.480324676021844,69.0038484115995,77.4608131140425,93.52398729816082,100.02969903162644,105.80290433684236,0.0,93.98820386388113,76.0720104411541,59.213173694114644,50.24314064243771,9.997548738049533,13.044991113378446,17.31414139806874,21.635226953107253,28.0479346343159,33.519467967589115,42.09135746689179,50.09258303402664,63.45276838898048,80.19314270386562,82.34239179813484,74.22489807392584,67.4524410356924,61.04614092710967,55.54504186857266,50.53008284015181,37.24606927058921,30.866873166615374,27.000552765506313,22.90914526341927,19.81210692141542,16.72942649905383,12.833734058777967,10.0831840041237,6.841232390520216,5.466478880982819,4.213660467322271,2.916412027944458,2.4417949120792324,15.376734945145001,23.40805188811402,7.9287007572288,10.517263029391879,12.970477763440229,17.11267947609648,18.59810088724309,20.9907436830922,26.99555372259109,30.336892029855647,34.66571646887454
23,3.2097317283465685,4.228711186811702,5.043668303222658,6.007970956865885,7.395078639350154,9.27975901575733,11.275878907720982,13.933946562018592,16.403404405487645,21.030774998756346,27.64420466730362,33.285613555280634,40.140259544799726,43.14674449405831,46.9418368453899,51.345846971978496,55.96132320508792,62.809470895043404,70.50726588134756,85.12847172165536,91.0501749480795,96.30512780847845,103.03764470731292,0.0,88.31918248791463,68.74616646584525,58.332007809863484,9.100082979991354,11.873960779325335,15.759875503289432,19.69306334210801,25.53011135802113,30.510472911156096,38.312876058448914,45.59584296467082,57.756703445943614,72.99431812260798,74.95063217668046,67.56183434079489,61.39733115695003,55.56611551496416,50.55884230975188,45.994069034258956,33.902542505333535,28.095997779938674,24.576751472749365,20.852623814111414,18.033602207626277,15.227649630719084,11.681667970623504,9.178030889794751,6.227104670387866,4.975760831851565,3.8354061487298785,2.654609860228314,2.2225984491051154,13.996387277372936,21.306744299337016,7.2169525455475565,9.573143257167395,11.80613638703463,15.576498532064603,16.928575771782786,19.106434420357203,24.572201186820188,27.613592297483923,31.553824311653802
24,2.9059818724454147,3.828531195973862,4.566365634346251,5.4394124395637515,6.695252528886578,8.40157800176781,10.208797019496178,12.615321013668547,14.851084103933376,19.040547959235965,25.02812211123249,30.135661728557025,36.341624928426775,39.063594084031564,42.49954154338729,46.48678243361742,50.66547754002366,56.865557400620304,63.834879007919994,77.0724211831705,82.43372975547744,87.19138523740179,93.2867769148937,98.79333861524064,0.0,82.35218107685326,69.87688647513058,8.238905433765455,10.75027999197369,14.268454936621003,17.82942935064699,23.11409397636474,27.62314383365286,34.68717410986036,41.28092449098741,52.29095370926131,66.08657146716811,67.85775163395213,61.16818553077252,55.5870541400462,50.30766994719337,45.77425519597857,41.64146482186247,30.69420820445332,25.43716021987513,22.250954381223703,18.879255939544475,16.327009714687012,13.786595744440907,10.576184627132411,8.309476818558522,5.637808646172757,4.5048845208110535,3.472446199550813,2.403393425098546,2.012264995788885,12.671852712352202,19.290401172124874,6.533983225589847,8.667198109413999,10.688874095410506,14.102431667605368,15.326556386212635,17.298315489197197,22.2468347071999,25.000406713405628,28.56775868406553
25,2.610651987707681,3.439444227626638,4.102293834983311,4.886614411451643,6.014825656167593,7.547740238220723,9.171294729593177,11.33324787473288,13.341794249707892,17.105490178090058,22.48455758029061,27.073026827362455,32.64828877823859,35.09362894155445,38.18038703508576,41.76241156670787,45.516433155419186,51.08640968056248,57.347451251258924,69.2396850328484,74.05613313726454,78.33027636523383,83.80620398528819,88.75314339490961,95.04685306380874,0.0,87.9026772678468,7.4015998004472765,9.657747729115398,12.818376671586334,16.01745544778326,20.765048796632566,24.815851757318754,31.16197691958256,37.08561591477417,46.97671500797621,59.37030812114566,60.96148632733042,54.95176919531282,49.93783848328253,45.19498892608777,41.12229723327868,37.40951515873462,27.574809196121254,22.852025857192658,19.98962857770742,16.960589985903162,14.667724106999193,12.385487991244506,9.50134537348367,7.464999138114267,5.064847956556869,4.047060940112541,3.119547530224861,2.159140730357377,1.8077620032192814,11.384034355177363,17.32995124340107,5.869945871747758,7.786365836190509,9.602582407046565,12.669226058717348,13.768945110696464,15.540317764564955,19.985927578991316,22.459658850152994,25.66446704299251
26,2.4562936915331246,3.2360824799622057,3.8597402162869274,4.597686787944073,5.659191031390104,7.1014699851860135,8.629029642235547,10.66315441137405,12.552942791147657,16.09410515566929,21.15512799156179,25.472297847384908,30.7179149664274,33.01867111664849,35.92292050267534,39.29315303514931,42.82521306829352,48.06585726948033,53.95670636960572,65.14579589723914,69.67746505505058,73.6988938387424,78.85104990234778,83.50549489212952,89.427080545387,97.47089938575478,0.0,6.963970296575278,9.086720456476542,12.060472978537199,15.070401936394866,19.537287468304736,23.348581277217924,29.319483287575668,34.89287919147965,44.19915380002837,55.85995911710811,57.357056780205085,51.70267222463087,46.98519688294116,42.52277465964917,38.69088631922344,35.19762745872418,25.944411661370133,21.50086921430729,18.80771500862753,15.957772381463286,13.800475269323648,11.653179421346769,8.939565599648432,7.023621063468782,4.765382035921555,3.8077730403190153,2.9351001033489945,2.031478642147876,1.7008756529819047,10.710938073125337,16.30529465979096,5.522877458314594,7.325986524997272,9.034816857978129,11.920141095466073,12.954837785240855,14.621475657901906,18.80423283641861,21.13170143219953,24.147021047265294
27,1.4265396660059835,1.8794169589922771,2.2416181493244536,2.670194772507076,3.2866837184866107,4.1243148796655795,5.011474444697699,6.192831413037326,7.290362255296498,9.346960207801361,12.28624627560722,14.793525460277126,17.840018198009762,19.1762264541361,20.8629249802211,22.82025215482174,24.87156375382264,27.91516837414432,31.336391958584404,37.834670276312174,28.80287087994388,23.412090341879516,18.55659791572848,15.407337909203635,12.470364600187278,9.706722102093364,8.236278742157827,0.0,98.50219550502166,89.10940247067454,82.76435418396396,76.36997317448636,72.51554867576563,68.13677170684149,59.47449432605824,49.66516378883677,41.79510700567476,33.311210668480626,30.027318402998496,27.28755413070372,24.69591684810364,22.470474209804454,20.441697135912,15.067714611534093,16.384866640314986,18.099155358108806,20.386592491019123,22.63810340901294,25.546760071843067,19.597822127613536,15.397579978498541,10.446940454666867,8.347615766635125,6.434492717905204,4.453522561143869,3.728755959868874,6.220582690952586,9.46961256232728,12.107564831216445,16.060442672050698,19.806637332040275,27.701713722877464,30.10628857317451,33.97945793068511,43.699942025932295,49.10884349974406,56.11627068458669
28,1.5711329708230743,2.069913666308399,2.468827377411515,2.940844300075488,3.619820239025893,4.542353250955177,5.519434839513805,6.820533524324014,8.02930951132231,10.29436314278163,13.53157368929252,16.292989363854467,19.648272991561683,21.11991860865403,22.977580003790948,25.133300823887755,27.392532279852464,30.74463505209797,34.51263204661601,41.66957241207514,31.7223146136126,25.785127416051175,20.43748484985028,16.969017517428462,13.734354149712763,10.690590312090192,9.07110359217946,83.14281863097236,0.0,98.14148429815384,91.15330527848005,84.11079319739433,79.86568627341836,75.0430787906422,65.50279756350498,54.69919847966036,46.03143691022934,36.68761733475959,33.070871488935886,30.053406161429635,27.199081896821188,24.748069571663258,22.513656728334006,16.59497018222731,18.045628042865786,19.933676156926833,22.452966705827233,24.9326895776996,28.136166138972772,21.58424699624896,16.95827052803649,11.505836804739554,9.193725678475435,7.086689491029855,4.904929248625748,4.106700688600729,6.851097657067136,10.429447474985501,13.334781188357278,17.68832063304634,21.814227599173613,30.509544750459277,33.15784603372538,37.42359778544779,48.12934499902726,54.08648986078364,61.80418615279965
29,1.7708439766937238,2.3330260495634545,2.7826467727269577,3.314663056465891,4.079945482676072,5.119744187059611,6.2210252867305975,7.687510181305281,9.049936987628723,11.60290777663629,15.251609003099034,18.364035771079028,22.145818670785914,23.804529184314546,25.898322996426653,28.328063381609866,30.874471922483522,34.65266963949761,38.89962703002755,46.966305645453716,35.75462472210131,29.062745433363045,23.03534940531914,19.125995710857225,15.48016544204783,12.049500464335338,10.224156361355307,63.872298973580044,83.34178650515469,0.0,102.7400510369011,94.80234599781065,90.0176319307349,84.58200963050507,73.82903718273724,61.65216309281368,51.88261866106314,41.35108064244126,37.274600347489724,33.87357675538898,30.656431532559964,27.893864332067565,25.375429165511395,18.704402196597066,20.339457142588856,22.467500212515283,25.3070246683763,28.101951891642717,31.712631113808264,24.327879622278825,19.11388264227182,12.968375166756296,10.362365276169879,7.987497960350629,5.5284082107241925,4.628714636853935,7.721959404493994,11.755163047495763,15.029801669530631,19.93673141137635,24.58709368818451,34.38769636710939,37.37263046437121,42.180613579671125,54.24719758066827,60.96157140684215,69.66028516721113
30,1.965142899907919,2.5890082000108325,3.087961796942562,3.678351484789006,4.527601529447994,5.681488076284171,6.903602933552326,8.530992142496782,10.042905896801402,12.875991411798324,16.925032097164532,20.378957708385727,24.575681932632573,26.41638796408617,28.73991510588748,31.436249243396958,34.26205249327199,38.4547981646896,43.16773632979754,52.11949967856007,39.677660955029395,32.25154140729958,25.562812944864138,21.224520719795155,17.178665996672184,13.371584733927781,11.34596189472245,52.684842952974435,68.74418181284842,91.24164776022972,0.0,105.20416230008331,99.8944642121926,93.862439533304,81.92963927718569,68.41670534521758,57.57523589445637,45.888166093397004,41.364409955831825,37.59022236370154,34.020088475102845,30.95440940285498,28.159648796290124,20.756669507548647,22.571124456919268,24.932658722276766,28.083738883482447,31.18532855532697,35.19217542081507,26.99716098015357,21.21107859217691,14.391279366053936,11.499335241683774,8.863894906268643,6.1349911601931515,5.136582230861652,8.569221171845284,13.044952296235861,16.678887822205155,22.12421122135568,27.284816294723896,38.16075173725036,41.47319604354039,46.80871628488286,60.199258979657635,67.65034118988628,77.30348726571188
31,2.238151457652113,2.948687587553575,3.516958587248227,4.189368487056636,5.156601061061153,6.470791930787508,7.862689766482405,9.716164915967472,11.438122119792057,14.664795597502284,19.276351486119715,23.210115611740754,27.989872056069633,30.086299184905887,32.73262361228496,35.80354745220864,39.02192697211136,43.79715214097191,49.16483783169438,59.360229825085014,45.18990181675162,36.73210452820371,29.114140786869424,24.1731489293745,19.565221614556492,15.229239494370375,12.922205888603969,42.70914739291799,55.7277051403783,73.96535254062769,92.42486543754137,0.0,113.772357571743,106.90233054812015,93.31175945613788,77.92153374868006,65.57390719416888,52.263204795809635,47.11098334981268,42.812464671514675,38.746347969693765,35.254767746918795,32.0717434866144,23.640301230256597,25.70683033099947,28.396442042469907,31.985287747437017,35.517767469600145,40.08126773871602,30.747756411521397,24.157839346786826,16.390595763861075,13.096886712111797,10.095316379215934,6.987298179950444,5.850184741217366,9.759704934235344,14.857229465699746,18.996011482439133,25.19782942848621,31.075374398812375,43.4622551519431,47.23488260456338,53.311642928737555,68.56247412908807,77.04870203174613,88.0429167331555
32,2.4605368663580953,3.24167271689431,3.8664078035437464,4.605629156114026,5.6689671167975035,7.113737564899823,8.643936036152551,10.681574695767996,12.57462762916775,16.121907247113946,21.191672850518273,25.516300489793956,30.77097925752189,33.075709896057916,35.98497628714513,39.36103079680587,42.89919235936594,48.14888961866946,54.049914986675795,65.25833333608716,49.68002456985778,40.38185041568919,32.006956675568674,26.57502195096564,21.509245460798155,16.74243496541756,14.206171738231784,37.30556097703042,48.67700315106466,64.60721268927712,80.73121717119012,104.66004849748514,0.0,117.52427411198634,102.58332760349465,85.66391064209876,72.0894091285737,57.45613940220708,51.79198706427053,47.066362423221285,42.596231497300785,38.757723682911404,35.25843032087632,25.989229866452707,28.261091773025278,31.217946524581656,35.16338423593562,39.0468553729438,44.06379049295303,33.802890304712555,26.558191189920983,18.01918498440674,14.398209057519239,11.09839910238573,7.681564493423663,6.431466101883597,10.729440902384049,16.33346157486818,20.883477928404005,27.70151593138082,34.16306080749752,47.780716863818384,51.928197097325295,58.608751603380895,75.37492365253786,84.70435332067625,96.79096635885371
33,2.793694873867834,3.6805969362894504,4.389921487756626,5.2292338067733874,6.4365482959675395,8.076941435353147,9.814329597907506,12.127865621689288,14.277238934606634,18.30482210977776,24.061036687007693,28.97122122129352,34.93738630418126,37.554178703660455,40.85736131986983,44.69053541552874,48.707765945738466,54.668275021297184,61.368302379783465,74.09434656755612,56.40672646367121,45.849574556705754,36.340715725586975,30.173294134473256,24.421608798545655,19.00936961297514,16.129694988527877,31.69401577151527,41.35495259084423,54.88892176660647,68.58753502869855,88.91696414293924,106.26270241367504,0.0,116.4731650188083,97.26284995295588,81.85035367535409,65.23573140270156,58.80464980922753,53.43917306468949,48.36378402093734,44.00554019578645,40.032440641238104,29.508185488457148,32.08765871208805,35.44487317822262,39.924525265569265,44.333820471266264,50.03005128939758,38.379819728516345,30.15418447938267,20.45899226729453,16.347734263541362,12.601128275865468,8.72165243365213,7.302290051390777,12.182212938278246,18.54502100664141,23.711112007627825,31.452316002244306,38.78875750998438,54.250251478553984,58.95930275359801,66.54440791228903,85.58072862283561,96.17336805707671,109.89651496410066
34,3.284554572993831,4.327287711882208,5.161242493791773,6.148024243432113,7.567467133784055,9.49608175733353,11.538733690356779,14.25876421257976,16.785788194350356,21.52102856002643,28.288625511871935,34.06154266799764,41.0759789937172,44.152548852037185,48.036109533266234,52.542782621564854,57.26585135473065,64.27363789742947,72.15087807328015,87.11292243397997,66.3175399313949,53.90546805548309,42.725877166781956,35.47482302333945,28.71255111266825,22.34936695344392,18.963725756569954,27.33024289611239,35.66101902053005,47.331571202639864,59.14409854192892,76.67448155293395,91.63198152924377,115.06490776274799,0.0,114.35219414391474,96.23168083969686,76.69782477163875,69.13678485467148,62.82857942307208,56.86143088107725,51.73743190036439,47.06624807391302,34.69285300032639,28.750950484718498,30.564665593854773,34.42753928331931,38.22974313912315,43.14169159570737,33.09551566614903,26.00242241617053,17.64210733363032,14.096905593933322,10.866148960965448,7.520816585237231,6.296878320535821,14.322660498785515,21.803431048752515,20.446460782284568,27.12182142469864,33.44814907737372,46.78083587680299,50.84152405481762,57.38227824242334,73.79759375870825,82.93179154341854,94.76547462642746
35,3.9956444659089616,5.264124195268921,6.278626081324664,7.479041221151844,9.2057865083641,11.551936702005905,14.036812721137862,17.34571645882715,20.419828690361033,26.18022528033661,34.41297365068759,41.43569894704331,49.9687262003508,53.71135828491192,58.43569073216688,63.91803635460787,69.66362621356407,78.1885640385683,87.77118792737917,105.97244122365892,80.67496079934133,65.57573647552482,51.97581920429216,43.15494754075816,34.92867705677686,27.187894857445112,23.06927901130547,21.917843057326223,28.59881710994541,37.9581679247969,47.431377559890976,61.49009577291794,73.48545703834425,92.27779640803591,109.81905685513836,0.0,117.06536592624748,93.30252619816324,84.10455836741106,76.43065751953671,69.17165069860688,62.93833116756712,57.255859042163685,42.203684857943,34.975389703809256,30.59444505746803,27.60961202320897,30.658838760792168,34.59803958627779,26.541378392766443,20.85298018734386,14.148316983820758,11.305196429327198,8.714249209905368,6.0314164862989035,5.049863307296694,17.423445976390756,26.523766517408756,16.397304634553223,21.75069675286096,26.824177334340874,37.516498581289724,40.77302017638776,46.01846290097049,59.182938262204935,66.50822674430384,75.99840250269125
36,4.72604646190315,6.226403710423691,7.426356081085155,8.846206563979566,10.888600106464326,13.663625491319696,16.60273571964053,20.51650555970239,24.15256411278211,30.96595858656193,40.70364962474216,49.01012591985202,59.102986684590526,63.52977021659868,69.1177084923142,75.60222440781453,82.3981054868608,92.48139807947143,103.81572126859952,125.34415541158009,95.42230704031556,77.5629513589232,61.476975379260274,51.04365237666847,41.313623379548005,32.15782970529966,27.286332750637918,17.262189220427878,22.52403172798848,29.89532662793662,37.35629515563641,48.42874664437118,57.876126817210164,72.67671267986333,86.4919661338968,109.56022553026924,0.0,110.35818566633756,99.47883348820616,90.4021470461251,81.81619707092331,74.44342955696467,67.7222041045352,49.91849930691547,41.36887507726964,36.18709573671852,30.703646702849234,26.552886384876928,27.248936149059137,20.903621528294753,16.42351799227073,11.143018237995419,8.903815919601646,6.863221822599423,4.75025997683191,3.977202305895396,20.60844399781949,31.372299005944885,12.914289721225265,17.130547109129413,21.126350052631118,29.547473978360543,32.11226522300821,36.243503165529994,46.61166138615975,52.380957002588794,59.855287813696705
37,6.1971229664388146,8.164496422798228,9.737957973547427,11.599765322963728,14.2778947130717,17.916702262587986,21.77066934557083,26.902678342248343,31.6705328583321,40.60473266217091,53.373474835833626,64.26550804658537,77.49997362927095,67.63809919519065,68.27022825576329,74.67523489351319,81.38778892034559,91.34744617581904,102.54279463463565,123.80725992132675,94.25229545997283,76.611920576811,60.72318126812242,50.41778546738844,40.80706029928661,31.763529522031256,26.95176396590037,13.234776990866944,17.268987904637846,22.920498433747337,28.640760987881006,37.12991750935987,44.37314536063949,55.72063151810713,66.31267150803288,83.99891424236509,106.15985855043616,0.0,130.4436104582965,118.54162378448518,107.2831251199183,97.61543622704015,88.80209489626311,65.45663082213373,54.24576501811371,47.45105319773601,40.260770957175076,34.81800345540771,29.4004687114535,22.554138162928467,17.720292793170987,12.022853195633902,9.606847031561207,7.405130877451386,5.125332932490967,4.291235860143324,27.02323445843274,41.13755466581591,13.933981451699317,18.483147802063083,22.79445297650792,25.499556522469323,24.6202068272515,27.787592618665542,35.73677334561954,40.160044339976785,45.8905516457313
38,7.093723526965263,9.345736832056025,11.146847005562702,13.278020885564107,16.34362238576852,20.508893087010673,24.92045263113498,30.794961360021617,36.25262969048025,46.47943068931847,61.09555614908412,73.56345014796617,88.71267994042547,77.42398822462857,67.82510077120713,67.24036559920194,73.28459950770235,82.25264622433816,92.3333553704795,111.48067271320477,84.86828082067537,68.98422959348845,54.677416343418066,45.39805375053219,36.74419849452745,28.601066214630087,24.268373111846238,11.91708663198464,15.549640545381301,20.638471329870352,25.789209000958486,33.43316203233587,39.955234437369185,50.17293403949374,59.71040174722293,75.63575409768511,95.59029457449978,130.3017196971014,0.0,135.69224140277024,122.80486168033116,111.73845029521064,101.64999358910862,74.92690472231799,62.09404938891358,54.3162777745381,46.085704559900364,39.85547674480247,33.65413236621515,25.81727381935925,20.284067069894753,13.762321166934647,10.99676691535841,8.476506180386515,5.866866770861258,4.912092425099735,30.932959550847947,47.08934145007157,15.949951708803626,21.15729204115118,26.092357411567917,29.18883569201919,25.54290083644487,25.020984392819933,32.17872308700312,36.16160120220489,41.32156362960535
39,8.00714751885936,10.549141533674035,12.58217183181931,14.987766521356287,18.448110493441494,23.149722676951118,28.12933710987321,34.76027751997197,40.92070303766683,52.464359050258544,68.9625313099501,83.03585487818037,100.13577670121406,87.39349551141123,76.55860639227542,66.98025976580344,65.94413985356117,74.01391346040127,83.08490106518921,100.31435147020215,76.36755631013183,62.07451107821167,49.200721766962666,40.850814846711906,33.06376210837396,25.736276422173802,21.83756206974688,10.723426651516377,13.99213037507911,18.57124483019985,23.20606534655598,30.08437144526399,35.95316867826742,45.147425262467785,53.72958452365354,68.0597940038287,86.01561305389137,117.25021197614757,134.3601389520607,0.0,138.6178415002592,126.12646258928085,114.73896478557904,84.57487481187225,70.08959562779485,61.31031850378994,52.01993473793565,44.98747103929312,37.9876099556401,29.14163756461372,22.895946916127947,15.534427775014976,12.41276666437214,9.567984313580125,6.622314434613598,5.5445984784343025,34.9160450611063,53.15280502875287,18.00374877391228,23.881612784754374,29.452142322017888,32.94733892592674,28.83193491817794,24.026860251929772,28.955581797718974,32.53951994042452,37.182641226989695
40,9.059702804906054,11.935846931366656,14.236123059811153,16.957937901480243,20.873150892873465,26.19279924282548,31.826993784519352,39.32958435014121,46.29980991556521,59.36090220964673,78.0277916537222,93.95108127779164,113.29882144854862,98.88154234081922,86.62238574200785,75.78494661729789,66.95203170891041,65.65550794124533,73.7021071666697,88.98583241509661,67.74335345010384,55.064424572346525,43.64447477046439,36.23752444882671,29.32986507780349,22.829873763101993,19.371441974282153,9.51242801196663,12.411996393724618,16.47399057043979,20.585399912153267,26.686937576793213,31.89297040659579,40.048917821817646,47.66189218274343,60.373788343033944,76.30185328535973,104.00912292837056,119.18682255159358,135.8677506554935,0.0,142.70603410286154,129.82162732128702,95.69240840798803,79.30301079232778,69.36968042741834,58.858057447584216,50.901162567612324,42.9811559804778,32.97236312455204,25.905664159235272,17.576458851848678,14.044449249996628,10.825714665412743,7.492830688697656,6.273446850933608,39.505827840848,60.13984576572597,20.370376951550455,27.020897744436805,33.323684342871736,37.278331413073595,32.621949456264744,27.185238276776833,25.685622361809518,28.86482567896999,32.98359838331216
41,10.117605406161179,13.32959723298118,15.89847688543627,18.938118378060995,23.310511267874254,29.251335604319927,35.54343572967241,43.922104710496306,51.70624436513347,66.29248199904441,87.13910639971643,104.9217604948499,126.52873864457992,110.42795209742008,96.73729228770276,84.63436407489976,74.7700286155878,63.42525939010635,65.39671901977451,78.95814248608775,60.10944898787341,48.859291005071924,38.7262394937394,32.15396812187523,26.02472329649244,20.257206980069654,17.188501068703417,8.440485703992703,11.01330574985161,14.617559441457498,18.265659771713793,23.6796236267863,28.298995843762548,35.53586086645659,42.290939714614126,53.57034994264376,67.70350335719178,92.28847924602944,105.75582496766336,120.5570024391961,139.1654117591707,0.0,144.9809145738435,106.86642260637409,88.56323303263521,77.46998646976024,65.73091999279974,56.84489752744197,48.00007080537432,36.822549987205285,28.930671722006068,19.62886409522543,15.684421301477299,12.089834686963998,8.367769441881144,7.005998004691596,44.11892817510378,67.16238288915022,22.74902835211547,30.17613126894145,37.21489502702774,41.63132671784064,36.431218472143165,30.35966186528225,22.791145233401537,25.61208854196817,29.266722467740003
42,11.284677209169148,14.867174204167672,17.732375652872648,21.12264160008769,25.999392611069243,32.625494569180916,39.64339218743918,48.98854562003884,57.67059041496452,73.93935923793971,97.19065416580054,117.02454799048864,141.12390392472915,123.16588207029021,107.89599650634793,94.39698832363518,83.39479590036572,70.74140079522411,60.62097041858944,69.50648057111987,52.91406454948579,43.010603517694165,34.090526045979466,28.30498654323477,22.90944122064604,17.832323799074338,15.13095645314874,7.430119771355485,9.69496112779936,12.867768659753812,16.079174180991004,20.84506103770937,24.911472621626814,31.282050781875814,37.228514844129734,47.15772648948182,59.59907480754824,81.24111317312955,93.09635411816869,106.12576086410444,122.50665585648797,140.2925144724353,0.0,119.19352803354194,98.77905465310194,86.40619549934034,73.31302072017682,63.401990276755505,53.536907530121944,41.07005303557967,32.267841917265145,21.893065246681974,17.493628629952955,13.484404310878286,9.332996625355237,7.814144042708313,49.2080727883877,74.90960371326142,25.373142306926866,33.65696596391805,41.50765530916892,46.43352502304603,40.63358119743484,33.861666923737154,24.301568218025064,22.546200791663512,25.76335780622947
43,11.644715560041211,15.341512351673302,18.2981282365546,21.7965608364818,26.828904901572223,33.66641306807507,40.90821716041607,50.55152831327249,59.51057430479623,76.29839924157709,100.29152822692119,120.75822370748742,145.62647114006805,127.09549744539898,111.33842520216206,97.40873029669899,86.05551221778805,72.99840972942718,62.55508637186092,50.374914918100515,38.34953917604577,31.171992524683372,24.707154426015514,20.514076919985527,16.603648218534392,12.9240005649723,10.966180961744117,5.38498925910008,7.02643606659764,9.325932576281714,11.653403030411708,15.107485915112328,18.054623158699552,22.67170821558553,26.98141601172517,34.17762545476596,43.19450931709545,58.879605618366284,67.47170737683267,76.91478737263603,88.78686296534741,101.67718782659473,117.19558877397057,0.0,131.75694800138928,115.25334644460435,97.78894820137643,84.5690694795158,71.41047832836242,54.78150060482727,43.04062621920066,29.20217721690372,23.33396615149673,17.98624175800722,12.448865352908657,10.42293605588939,50.778059510021905,77.29959942917684,33.84409582887856,44.893516444006806,55.36519863887986,61.935595187340304,54.19931040788241,45.16655786775233,32.414771241728985,28.274864880421866,24.337699789966884
44,10.103169308645958,13.310578170884064,15.875792470157352,18.911096912735413,23.277251143538134,29.20959893677038,35.49272130826327,43.85943535730248,51.63246837211576,66.19789393237782,87.01477375509583,104.7720550353891,126.34820371203166,110.27039024153729,96.59926466864052,84.51360527043205,74.66334453561238,63.33476236114272,54.27394301502763,43.70620232860401,33.27276524758413,27.04539381326097,21.436381422442633,17.798390288243905,14.405630453412046,11.21310049865134,9.51446021626643,6.130514470686786,7.999211495331935,10.617061958838306,13.26675922147024,17.199042850787535,20.554196714535603,25.810494432455556,23.40957258663221,29.653136202132035,37.476350417008916,51.08502833937414,58.539693791296365,66.7326836072152,77.03311466023284,88.21699749920272,101.68104746782512,137.93995558732766,0.0,137.70716093986107,116.84032475863188,101.0449311937977,85.32276532797059,65.45410743402509,51.425859851875444,34.89138529904063,27.879921332556343,21.490345962870784,14.874170317437311,12.453546705510314,44.055977988391135,67.06655362226144,40.43764884008405,53.63973268301195,66.15152231693432,74.0019725021047,64.75849414710999,53.965968410154595,38.72986128310834,33.78341270561315,29.07920373048652
45,9.076017698036116,11.957341242084725,14.261759753564661,16.98847609357403,20.91073967844824,26.239967757027998,31.884308468392245,39.400409848431806,46.38318753478529,59.467800503830276,78.16830565395139,94.12027025490363,113.50285222124613,99.0596101903465,86.77837705833295,75.92142165754522,67.07260026018558,56.895752860315284,48.756113284675024,39.26275545129122,29.890047075747454,24.295789311325557,19.25702432853881,15.988894209108864,12.9410636358086,10.073106316106717,8.547160467378907,6.95456553767538,9.074448948781292,12.044185453497407,15.050049538165077,19.510902594393404,23.317049296434657,29.279887674779218,25.557514243170814,26.63841223986132,33.666269390487074,45.89140369211284,52.58818106044659,59.94822010339071,69.20144467863226,79.24830378574315,91.34351391924896,123.91611383821191,141.42109967181128,0.0,132.5457593914055,114.62718171488812,96.79167485312085,74.25231308669878,58.33841749844378,39.581413097174746,31.627482655754275,24.379033789208094,16.87352550683647,14.127526678893908,39.57697072192452,60.24814679696893,45.87319390445257,60.849874533548544,75.04347303474782,83.94916448594292,73.4631969014487,61.21996219193235,43.93584907863021,38.32450912087987,32.98797011149168
46,7.90969096143084,10.420745870264987,12.429031759300969,14.805347485704267,18.22357493498986,22.867962877695923,27.786969450102035,34.33720338846916,40.42264916314875,51.82580508223322,68.12317486282654,82.02520925931285,98.91700459170242,86.32981219670695,75.62679663069144,66.16502993307358,58.45333908421636,49.58428212853932,42.49063866917525,34.21723846805041,26.048983492279795,21.173623885528826,16.782372659812673,13.93421831211584,11.278053599829965,8.778647269416574,7.4487952915026305,8.046078934651192,10.498676320586128,13.934510551008515,17.41214255563167,22.57312286588272,26.97664119288417,33.8753421982621,29.56874528825859,24.691871606688586,29.339936915355707,39.99406271204414,45.830261051816635,52.24448766866754,60.30861328211967,69.06438627796557,79.60528399903312,107.99209501473584,123.24757741181793,136.14252102598442,0.0,132.6178245266608,111.9830493891099,85.9061531506843,67.49458461096256,45.7936836456009,36.59139029949692,28.205303286862627,19.52181159245173,16.344830484948822,34.49107505241597,52.50587185016828,53.07295432622521,70.40021278226487,86.82148500821755,97.12491747941628,84.99318582285676,70.82838539721327,50.83154480786511,44.33950961391494,38.16540515336007
47,6.959363256965393,9.168721796252967,10.935717636392686,13.026525536969446,16.034062320708134,20.120439773021992,24.44844117885463,30.21168245054062,35.56597858335683,45.599076551873175,59.93836199163227,72.17010503288937,87.032397422521,75.95752171761235,66.54044415641992,58.21548281185322,51.43033049625568,43.62686644156061,37.38550481443316,30.106130986727678,22.919269473541632,18.629670969989206,14.76601655145741,12.260060147575109,9.923026350266488,7.723916844607739,6.553842939391241,9.090084065977758,11.860914006774541,15.742558997454395,19.671425160626043,25.502059593131982,30.47694886573545,38.27077895294291,33.40538696907606,27.895722932136344,25.814823856717673,35.188885620459175,40.323880714986586,45.96745557231409,53.0626985808551,60.766489433209316,70.04092716448542,95.01714058779281,108.43971855945226,119.78537001747553,134.92428108464952,0.0,126.51321732971246,97.05275827726301,76.25222833319063,51.73556429288853,41.33924320341624,31.86503389617749,22.054830674272793,18.46562584819853,30.3470668555169,46.197435160335736,59.95934421889924,79.53487128960806,98.08685744541954,109.72719407298729,96.02133044429667,80.01860070566794,57.42710446414977,50.09270641118667,43.11749164702712
48,5.948642074663167,7.8371313917954994,9.347503161783168,11.134659168471106,13.705405829085327,17.19831113496365,20.89774890122328,25.82398399620462,30.400665810305696,38.97663842604735,51.233402951477565,61.68870735434302,74.39252156413038,64.92607051719774,56.876652527009014,49.76074069776674,43.96100858762516,37.290856033449955,31.955938885511365,25.73376196647343,19.590661627613162,15.92404943919137,12.621520689447909,10.479508963520843,8.481886901952826,6.602158132361683,5.602016221954876,10.383927136135805,13.54914497163912,17.983286444810485,22.471370346993357,29.131911950914574,34.814905347026965,43.71807534518915,38.16016460613391,31.866278929289404,26.81667462902217,30.078338755038505,34.46756902577082,39.29151708081864,45.35630483971644,51.941259914859664,59.86875392113883,81.2176257287643,92.6908179051815,102.38871944238187,115.32897848815612,128.06599936800873,0.0,110.86682620285526,87.10563920342287,59.09937972685172,47.223291464807666,36.400564369567654,25.194019445718727,21.093942799550412,25.939706273941606,39.488096308415344,68.49369675576978,90.85551929539776,112.0481145535171,125.34528612018674,109.68858941362788,91.40810065476835,65.60102899673772,57.22268459237348,49.25464806551432
49,5.141782787820026,6.774122024899241,8.079630655719257,9.62438118516804,11.846438045454168,14.865574203897076,18.06322926406342,22.32128185862371,26.277193725855412,33.68994235503448,44.28422926626851,53.32140170752967,64.30210157544813,56.11965683529873,49.1620422478948,43.01131532500885,37.998244717700274,32.23281537017413,27.62151335848438,22.243297324719762,16.933432116870357,13.764150253310621,10.90956843975056,9.058093954406926,7.331424471889512,5.706657523072692,4.842172419453754,8.975476612716452,11.71137202918651,15.544077379306673,19.423408539072696,25.180530542171276,30.092696589593135,37.78826234712412,32.98421305055714,27.544014659811232,23.179326357752604,25.99858632537311,29.79247211889817,33.96211163787819,39.20428639290376,44.896074239436224,51.748302314419334,70.2014652753192,80.1184616777954,88.50096352882058,99.68603743247475,110.69543989880802,124.91814323173791,0.0,104.72716294813766,71.05522016012773,56.77659202560532,43.76442066205615,30.29078488992541,25.361260246631698,22.421307849155177,34.132027339010186,59.20337896156288,78.53209849039007,96.85018187139505,108.34375755304556,94.81069696047977,79.00972906335454,56.703065594647946,49.46113936878277,42.573867861722796
50,4.527382925277996,5.964671331882783,7.114182644958591,8.474348458926334,10.430888185203157,13.089262927365112,15.90482506169318,19.65407613025518,23.137289751031787,29.664277171158073,38.99263576713695,46.949941995684455,56.618540445113254,49.41382913538303,43.28759106124752,37.87182435194867,33.45777358253366,28.38126462406146,24.3209744771345,19.585410093239997,14.910029185572885,12.119449889134549,9.605966629566465,7.975727796570856,6.455380816673977,5.024759873476176,4.263573479808829,7.9029825333933985,10.31196142359743,13.686690671371137,17.10247433610076,22.171668608039564,26.496872065079575,33.27288234181306,29.042876591863365,24.252736222120074,20.409591517580967,22.891973595167013,26.232521897352765,29.90392451037486,34.51970340586734,39.531370404274575,45.56481476918944,61.812979725603526,70.5449783407472,77.92584161667969,87.77439312090341,97.46826444928034,109.99147417594048,117.36758925257686,0.0,85.01844022661102,67.9338869758127,52.36466474559146,36.243294704846434,30.34505816026885,19.742149854934677,30.053536712170693,52.12907236460343,69.14817223198634,85.277398483907,95.39758839444907,83.48161489228728,69.56872996261481,49.92752544744665,43.5509485880018,37.486648186849116
51,3.715314136074481,4.894798624753297,5.838124095899713,6.954319337045417,8.55991794065397,10.74146463585232,13.052004294483652,16.128758729578276,18.987194390494643,24.343447446223628,31.998594609611434,38.52861268052172,46.46297146749906,40.55055667573882,35.523171253862714,31.07882118565989,27.456511014060904,23.290566624861185,19.958563649098895,16.07240920001534,12.235643221859913,9.94560527300285,7.882961127547349,6.545135394365248,5.297490404008664,4.123477447439363,3.49882373131788,6.4854383223312775,8.462322865122736,11.231732806056277,14.034833304687723,18.194775029936327,21.74417427682071,27.30478339313221,23.833506406439184,19.90256517102437,16.748758637887537,18.78588016619897,21.52724013821598,24.540109659639153,28.32796433472486,32.44069735329032,37.39193331193428,50.72569322227554,57.891448455810156,63.948419142428435,72.0304531182166,79.98555163186717,90.26249504363497,96.31556920719416,102.83117390013685,0.0,92.52888167565196,71.32293004160243,49.36492929477925,41.33127693623632,16.201034823674807,24.662886181403568,42.77877145652934,56.7451850257258,69.98134005982311,78.28628913414653,68.50766304301419,57.090308048767525,40.97211217509875,35.73929079977713,30.762733398368187
52,3.3279303326742173,4.384433783803735,5.22940175529518,6.229214924288792,7.667402948059487,9.621486816393318,11.691113968548551,14.447065157526584,17.007460965675424,21.80523481757189,28.662204514632396,34.51135869518686,41.6184275217817,36.32248112150234,31.819284937617063,27.838332894454926,24.593709303310778,20.862134478335125,17.877548689496244,14.396591011385443,10.959872227878543,8.90860913844602,7.061030235083903,5.862695269526212,4.7451381920502005,3.6935357740518118,3.1340126830932737,5.809222618353945,7.57998379579281,10.060636308201916,12.57146657268828,16.29766461209261,19.47697946511821,24.45780183129102,21.348463682744736,17.827388991838827,15.002419678180292,16.827137125242317,19.282664348384074,21.981391697271935,25.374299001282157,29.058210633351052,33.49319721255003,45.436689049045036,51.855294131896855,57.28072405083587,64.52007045133895,71.64571654030227,80.85111626010485,86.2730559338572,92.10929957280524,103.7248147928474,0.0,86.23750973838628,59.68779701436997,49.974200375805815,14.511805256764916,22.091366707716613,38.31836714489541,50.82854788689605,62.684611792300316,70.12363065409637,61.36459031761956,51.13768604717507,36.700082390693495,32.01287039660931,27.55520255968667
53,2.9562884440513404,3.8948083742942177,4.645415748850158,5.533576203618763,6.811156624489477,8.547020954924651,10.385525437226981,12.833709695278532,15.108176941636279,19.37016621955957,25.461393574172174,30.65735177728535,36.97074879670446,32.26621968149302,28.265911529303303,24.729526645889667,21.847241781444215,18.532385269912666,15.881098855892658,12.78887217764923,9.735944078348712,7.913752878172504,6.272499722162652,5.2079871102252095,4.215231630558879,3.281065417539954,2.7840262722969626,5.160485941351183,6.733499881769422,8.93712905156908,11.16756591588611,14.47764608673089,17.30191547353854,21.726511583144244,18.96440435182822,15.836540671159694,13.327045789379088,14.947990509719302,17.129300221210226,19.526651030159236,22.54066023464962,25.813176272580076,29.752892030714065,40.362611396287164,46.06442788176514,50.8839806277751,57.31488331109368,63.64478300351736,71.822182796817,76.63863506580948,81.82312449369536,92.14149356517756,99.3841032875301,0.0,75.49337591452638,63.20757816024409,12.891220035974657,19.62434473766265,34.039217970750826,45.15234206396201,55.68439688835369,62.2926738947223,54.511786935199254,45.42695765968988,32.60165286577845,28.437878607380696,24.47801448873366
54,2.5380473694964136,3.343790139612767,3.988205293468851,4.7507131977473085,5.84754785643419,7.337830682701987,8.916232639555743,11.018059891457813,12.970746755704736,16.62977085987205,21.85924148053745,26.32010120346497,31.74031002306312,27.701354430076908,24.266990099603653,21.230915467260036,18.756402016766003,15.910515017383423,13.63431949849711,10.979565764166951,8.35855084010469,6.794154242867099,5.385097469780399,4.471186839726644,3.618881497604042,2.8168765023215414,2.390155998218115,4.430405901401323,5.780877605775504,7.672748214345407,9.587633897337088,12.42942028910128,14.854126004932274,18.652752130087812,16.281414175290152,13.596065185465305,11.441601233788278,12.833222708288464,14.705931505174172,16.76411697305589,19.351719055148912,22.161255701823976,25.543599950612,34.65230866984153,39.547460346072,43.685166595194474,49.20625695825672,54.64063373426428,61.661135430053555,65.79617984231967,70.24719333564279,79.10577056008965,85.32373166300384,93.64237527259088,0.0,90.36749709000905,11.06743395345651,16.847989457773792,29.22351768624607,38.76441192084533,47.80644369424256,53.47981433798555,46.79972880042443,39.000176259660876,27.98933218567464,24.414628125599595,21.014986006739818
55,2.382942012590081,3.13944416512159,3.7444777677757637,4.460387227100659,5.490192037074897,6.8894005782691625,8.37134310658671,10.344723320825173,12.178077426887436,15.613490952928165,20.523377740447685,24.711625041814674,29.80059361996792,26.008467009099263,22.783983830422677,19.93345003750687,17.610159253902843,14.938190331881405,12.801097858347436,10.30858164976661,7.847742402541369,6.378949337166045,5.056002955996205,4.197943306565836,3.3977241177088957,2.6447313168121265,2.2440885908005033,4.159654576254417,5.427596144187362,7.203850602527152,9.001713636192088,11.669832547260834,13.946359450526403,17.512843627514563,15.286423070337191,12.765181345999466,10.742381170256216,12.048957760222313,13.807221425069283,15.739626895535682,18.16909522910287,20.806935244122695,23.982577396569457,32.534633969021975,37.130632738581916,41.015475147471555,46.19916018801423,51.30143088927449,57.892895115442805,61.77523835786617,65.95424115321175,74.27145228709868,80.1094208462612,87.91969483219634,101.33645343145656,0.0,10.391080031138372,15.81837375815798,27.437607700774414,36.39543803229265,44.88489242584003,50.21155158218699,43.93969997434714,36.61679432169303,26.278845844716255,22.92259938938737,19.730716475709084
56,8.033413300105233,10.583745797327559,12.623445028317086,15.03693077065817,18.508625681088432,23.2256605250179,28.221609546890168,34.874301377186434,41.05493488888266,52.63645746292968,69.18874854365072,83.3082367213596,100.46425127964854,87.68017168791587,76.80974096963301,67.19997457019001,59.367658474201505,50.35987290400041,43.15527161293414,34.75245998136738,26.456438242847256,21.504818906687493,17.044880310756554,14.15217550988513,11.454463420879874,8.915961707599543,7.565308361136492,3.7149764725404193,4.847371724856869,6.433739871781036,8.039406580031974,10.422296504869404,12.45545664586174,15.640674207635636,18.613839481665977,23.57833383552052,29.79886832360257,40.6196445452602,46.54713192667607,53.06168902694208,61.25195262544638,70.14468226311689,80.85045931058764,84.85230508969265,70.31950996146182,61.5114342457121,52.19057530912948,45.13504307669348,38.11222040534126,29.23723064262508,22.971052305618997,15.58538523280595,12.45348416246926,9.599370095139983,6.644037559093482,5.562786379979486,0.0,109.19250978644983,18.06280632540456,23.95995144602241,29.548753946273656,33.05541581533386,28.926512081103017,24.105675367289653,17.299966823815865,15.090472819671321,12.989183104040924
57,9.619191727403262,12.672954348963803,15.115285800884525,18.00518841384096,22.16218839814916,27.810355727969593,33.792494291796814,41.758413114635275,49.15909032677882,63.026780432247136,82.84645800705296,99.75310264245424,120.29567740480852,104.98804812478019,91.97181787091702,80.46510434846087,71.08670597874759,60.30080300049976,51.674028981869874,41.612520490549485,31.678881986417633,25.74982369247749,20.409502854491542,16.94578437632018,13.715549750008202,10.675953283576517,9.058683884936626,4.448304801109935,5.804232429418367,7.70374622081126,9.626368067837594,12.47963531502485,14.91413687471224,18.72810950074327,22.28817117562071,28.232645987928986,35.68110054298114,48.637874609875915,55.73543519260551,63.53595178817941,73.3429557239725,83.99109097721457,96.8101652814216,101.6019667703611,84.200429285455,73.65365845540553,62.49288210472359,54.044603054797676,45.63549036263648,35.00859679733347,27.505488396204292,18.66190660174748,14.911775027360104,11.49426501014744,7.955556217199896,6.6608683916348745,85.88754227462063,0.0,21.6283652649544,28.689594090166295,35.38161412800042,39.58048347301748,34.63654306314994,28.86408359861972,20.714942894052324,18.06929954763868,15.553219782490194
58,4.177478834594272,5.503684723712993,6.56435470894646,7.819398515306186,9.624724777842818,12.077643915253681,14.675602033169753,18.13508784274174,21.34909722019489,27.371638774831858,35.979044253752,43.32136075288073,52.24271024977572,45.59482348991833,39.942058898812924,34.94485606119189,30.87195037408934,26.187785354771112,22.441299486214387,18.071728740801237,13.757690121183867,11.182784013277756,8.863558250568955,7.359314334696816,5.956469151379669,4.63641542295131,3.934058211023796,7.292191274364524,9.514989410264151,12.628898756510857,15.780689581026696,20.458105237925334,24.44903028122486,30.701348669404776,26.798263866932082,22.3783351046418,18.83221233869322,21.122740610687163,24.205110725749588,27.592764688824104,31.85180770756826,36.47614215363132,42.04328470598927,57.03569120808526,65.0928270855921,71.90325170068003,80.99064636981548,89.93531550161603,101.49065430059679,77.85706621914954,61.17059315032131,41.50298586598898,33.16291316876392,25.562571308304097,17.69269047823926,14.813380680372115,18.216354686480134,27.730813936416908,0.0,110.95767499589458,106.2158471409713,88.02467407032431,77.02964053319305,64.19202920649408,46.068818180995414,40.18506253073558,34.58944868703108
59,4.708715426270215,6.203570666897718,7.399122653969773,8.813766357897697,10.848670173917295,13.61351917472419,16.541851298236555,20.44126882815842,24.063993475011273,30.85240233272527,40.554383973690385,48.83039932479236,58.8862482380897,51.39297103007286,45.0213624869509,39.388681383973456,34.79783733713194,29.518002068307354,25.295087601934053,20.36985255233404,15.50721147094825,12.604862807661133,9.990708539437085,8.29517474692939,6.713934238742381,5.226013509358285,4.434339782332347,8.21951586219064,10.724980111421667,14.234875326989632,17.78746928698178,23.059696898604265,27.55813508597518,34.60554076055952,30.206113175852444,25.224116241801422,21.22704441149213,23.808851821102486,27.283197062561598,31.10164812033786,35.90229998658647,41.114696219953544,47.389794444138616,64.28873722003651,73.37047323837264,81.04695771962305,91.28996723742462,101.37210126884288,114.39689546000814,87.75789974429807,68.94946138703583,46.78078753268831,37.3801345262793,28.81328155579615,19.942613209002804,16.69715081432743,20.53287011589838,31.257252648203366,94.28548206285814,0.0,119.72297592637013,99.21848969166581,86.82525298633213,72.3551237806722,51.927242106532226,45.29526811174982,38.988077993367924
60,5.206834493952462,6.859825410952978,8.181850796235405,9.746144869555327,11.996314272873676,15.053647291483072,18.29175775901894,22.60368147134289,26.609641897001165,34.11617355151558,44.8444949926533,53.996001996492566,65.1156251309925,56.82965948911578,49.78402004375894,43.555476671442996,38.47898277119792,32.64061159957702,27.970969304812115,22.524710309416765,17.147666886275548,13.938288581277735,11.047591780965103,9.172693207303778,7.424178617670865,5.778855790387436,4.903433579302639,9.089030625225908,11.859539457311822,15.740734608035558,19.669145458836624,25.49910418494912,30.473416922609932,38.266343790642814,33.40151565218732,27.892490124702913,23.472581594077308,26.327509671085654,30.1693941362631,34.39178620739476,39.70028278614003,45.4640807749986,52.403000401430006,71.08962513690928,81.1320872703025,89.6206410627592,100.94722388864436,112.09591275494574,126.49855583947587,97.04151093016404,76.24339153870527,51.729568710080855,41.33445243986279,31.861341089265945,22.052274762001918,18.46348588528556,22.70497294927632,34.5638516115993,80.92726922306338,107.34840457856447,0.0,109.71447789819904,96.01020262833778,80.00932743005488,57.4204492944435,50.08690121753597,43.11249480403987
61,5.413918866410993,7.132651951157441,8.507256460589758,10.133765082286489,12.473427424040418,15.652355605755316,19.01925105289825,23.502667063871755,27.66795112499505,35.47302989077652,46.628034322462895,56.14351181300402,67.70538065004314,59.089868525144155,51.76401240979226,45.28774962233361,40.00935520943677,33.93878241288247,29.08342076303908,27.622041508293936,21.028175723311442,17.092516638745707,13.547656531366348,11.248469304800189,9.104266697563707,7.086608099274581,6.013078259392133,11.815387539818788,15.41694164204982,20.462344910489854,25.569126759042607,33.147847145239496,39.61426090960708,49.74476379951086,43.42067577070215,36.25915610398135,30.51344632114137,27.374598036380352,31.369280566188706,35.75960411533062,41.27922833486888,47.27226205051822,54.48715392420439,73.91697646272685,84.35884383384133,93.18500137330267,104.96206102907789,116.55415158988195,131.529611480548,100.90101144179758,79.2757166316655,53.78693874677391,42.97839160373824,33.12851903256744,22.929330002700727,19.197809089219202,23.60798707049524,35.938512843687846,62.33680097777482,82.68852014579716,101.976113827863,0.0,124.80954224996285,104.00902465468984,74.64435857894378,65.11103031288333,56.04457228963228
62,4.952048503594671,6.524153629366456,7.781488357118181,9.269236841146844,11.409298723175022,14.317027289807942,17.396687323914964,21.497615707951116,25.30755250436385,32.446767105883985,42.650119680346236,51.35381606567101,61.92932277088563,54.04881421902939,47.34793899190806,41.42417688226623,36.59609101715679,31.043408815055763,26.602266089092243,31.378057752072092,23.887565011031672,19.416739130515563,15.389852662367758,12.77802436733181,10.342255337667297,8.05023763861087,6.830730336650965,13.422031549558907,17.513321202537114,23.244793117531806,29.045989807610177,37.65525664596053,45.000966574250775,56.50900462572813,49.32497373729567,41.1896381348388,34.66263275985724,27.62654159567073,28.693115415971498,32.70889320989276,37.75762916830384,43.23938727659405,49.83876480482992,67.61099708262627,77.1620514973261,85.23523495542162,96.0075741951097,106.61072435890566,120.30860302537643,92.29297945737092,72.51257427459055,49.1982861410099,39.31183401152224,30.302270342349654,20.973190978677415,17.560012279162045,21.593950690810615,32.87253893905913,57.01874549987656,75.63422588264686,93.27636308270692,130.45703134314698,0.0,118.15206277825635,84.79442019711672,73.96475994872107,63.66545446925867
63,4.354751992143648,5.737236013320813,6.842915997370578,8.15121814140846,10.033154220448871,12.590164063742233,15.2983676806732,18.90465829698208,22.255055580465104,28.533166343262177,37.505830871473016,45.159721810847564,54.45965270995563,47.529659942237366,41.63701779157375,36.42775644665311,32.182015209655155,27.573435851808906,30.952777426106167,37.371504977362065,28.45027126154354,23.12548369926704,18.329431347119154,15.218724021025798,12.31770461647708,9.58789413791638,8.135451683854209,15.985741463794952,20.858498497968245,27.68472505702576,34.59399435249715,44.84769651096175,53.59649279773093,67.30265347595383,58.7464181529805,49.05717169413456,41.28345874524165,32.90342075687365,29.659729315972616,28.763675832980706,33.2034532214167,38.02402334006517,43.8274100429886,59.45602593000861,67.85506992347813,74.95449791202921,84.42752018352485,93.75176029653485,105.79745499594162,81.16096517655505,63.766394260580896,43.26418338332016,34.570196021349226,26.64733030058856,18.443487605120666,15.441993025560821,18.98937373509138,28.907583261305728,50.14136985428905,66.51152459383465,82.02573695703435,114.72182001414737,124.6799477294918,0.0,100.99079813949979,88.09259057439536,75.82603956507792
64,3.283744513085615,4.3262204858067035,5.1599695919331205,6.1465079745306035,7.565600791911635,9.493739766982687,11.535887926845646,14.255247616045091,16.78164836542017,21.515720892873198,28.28164877244609,34.05314217121363,41.06584854740124,35.840217841502906,31.39681179571026,30.458986914612428,33.19694409089012,37.25934939100178,41.825775900377806,50.49925474295749,38.444196903850326,31.248933996391344,24.768138811975064,20.564711580817818,16.64463081304271,12.955900727370839,10.993248660465794,21.601164601860297,28.18560905809275,37.409731933203155,46.74606854718377,60.60166033221836,72.42370744130386,90.94452698166647,79.38268307205517,66.28982728556876,55.785387853906364,44.461635348177644,40.07850974269729,36.421650758283455,32.96250203623664,29.992126085116688,33.048499090432216,44.833413996886364,51.16679754627734,56.52019258358581,63.6634202490146,70.69445723229809,79.77763440216724,61.20024161101616,48.083690563825186,32.6237923662269,26.068003805084434,20.09368726871261,13.907497220218213,11.644190061861734,14.319128143700151,21.798053733514895,37.80960395325925,50.15368368531397,61.85233146466185,86.50714155072028,94.01616785230105,106.11133327101578,0.0,119.03749059820339,102.46198247745095
65,2.856961119454321,3.7639480394662144,4.489336013497331,5.347655468832152,6.582310901981192,8.259852520316858,10.036585719152518,12.402514271417951,14.600562470466945,18.719354627930244,24.605924917409943,29.627305897494807,35.72858124917898,31.182117999104285,31.21234872948218,34.140642744307335,37.20954382320912,41.76298246588295,46.88136465343857,56.603229118102064,43.09104553495494,35.02607275488277,27.761927243068754,23.05042098703546,18.6565100077693,14.52191366061748,12.322030807145556,24.21215274166889,31.592475878487438,41.93154213146442,52.39638568558774,67.92673836835834,81.17774661722527,101.93722509337775,88.97787147173392,74.30244864292256,62.5283106891237,49.83582718969479,44.92290195617887,40.82402905199542,36.94676415641968,33.61735124955712,30.582163346387148,39.00648181704749,44.51672492003456,49.17434716126623,55.38918014422687,61.50640370124805,69.40905383496592,53.24613717270794,41.834324769571246,28.3837265621739,22.679984096245008,17.482140600287778,12.099960477664167,10.130811986653496,12.458092341841354,18.96499308891406,32.895545925077194,43.63528396175708,53.8134758772973,75.26393694170312,81.79702625577329,92.32020100244864,118.73018809950393,0.0,114.84682495982626
66,2.423861121798545,3.1933536845172616,3.8087767284297582,4.536979553348405,5.584467838312849,7.007703135844465,8.515093101756593,10.522359562521245,12.387195432087358,15.881600767624747,20.87579854240212,25.135965071266558,30.312319771242187,32.31230278054986,35.15442156782618,38.452554725439846,41.90905340846797,47.03758452335283,52.80241070564594,63.75213207324132,48.53337996647878,39.44981321855581,31.268217021947542,25.961654591174888,21.012799244357627,16.35600957882128,13.878284819910853,27.270111324279945,35.58255820571028,47.22743302192435,59.01397062380328,76.50578356101558,91.43037428043812,114.811743757114,100.21564320696609,83.68673648221119,70.42554256140191,56.13001742970499,50.59659710664252,45.98004270135039,41.61308506382867,37.863172299633135,34.4446447158753,33.09330817653606,37.768227949871985,41.71977961561603,46.992477218426515,52.18236246126308,58.88701317836959,45.17430807862369,35.492465289490944,24.08090569988382,19.241820030227597,14.831941757382726,10.265671302769041,8.5950351719838,10.569512295264635,16.09000175409348,27.908757422418976,37.020408717968095,45.65564127548859,63.85432737752326,69.39703535691528,78.32495319684388,100.7313277589101,113.19921219799845,0.0
